"_id","corrected_question","intermediary_question","sparql_query","sparql_template_id"
"1","¿Quién escribió El bufón por sacrificio?","¿Cuál es el <autor> de <El bufón por sacrificio>?","SELECT DISTINCT ?uri WHERE { <http://novelas-populares.org/novela_1859706819> <http://novelas-populares.org/tieneAutor> ?uri }","2"
"2","¿En qué ciudad nació Gaston Leroux?","¿Cuál es el <lugar de nacimiento> de <Gaston Leroux>?","SELECT DISTINCT ?uri WHERE { <http://novelas-populares.org/autor_gaston_leroux> <http://novelas-populares.org/lugarDeNacimiento> ?uri }","2"
"3","¿Qué editorial publicó El proceso Lerouge?","¿Cuál es la <editorial> de <El proceso Lerouge>?","SELECT DISTINCT ?uri WHERE { <http://novelas-populares.org/novela_1859638538> <http://novelas-populares.org/publicadaPor> ?uri }","2"
"4","¿En qué idioma está el ejemplar de El buque maldito?","¿Cuál es el <idioma del ejemplar> de <El buque maldito>?","SELECT DISTINCT ?uri WHERE { <http://novelas-populares.org/novela_1814752439> <http://novelas-populares.org/tieneIdiomaEjemplar> ?uri }","2"
"5","¿En qué ciudad nació Emilio Salgari?","¿Cuál es el <lugar de nacimiento> de <Emilio Salgari>?","SELECT DISTINCT ?uri WHERE { <http://novelas-populares.org/autor_emilio_salgari> <http://novelas-populares.org/lugarDeNacimiento> ?uri }","2"
"6","¿En qué ciudad se publicó El capitán de la Estrella Polar?","¿Cuál es la <ciudad de publicación> de <El capitán de la Estrella Polar>?","SELECT DISTINCT ?uri WHERE { <http://novelas-populares.org/novela_1679988735> <http://novelas-populares.org/publicadaEnCiudad> ?uri }","2"
"7","¿Quién fundó la Editorial Juventud?","¿Cuál es el <fundador> de <Editorial Juventud>?","SELECT DISTINCT ?uri WHERE { <http://novelas-populares.org/editorial_editorial_juventud> <http://novelas-populares.org/fundadaPor> ?uri }","2"
"8","¿Cuál es el idioma original de El último mohicano?","¿Cuál es el <idioma original> de <El último mohicano>?","SELECT DISTINCT ?uri WHERE { <http://novelas-populares.org/novela_1814865829> <http://novelas-populares.org/tieneIdiomaOriginal> ?uri }","2"
"9","¿En qué país nació Henryk Sienkiewicz?","¿Cuál es el <país de nacimiento> de <Henryk Sienkiewicz>?","SELECT DISTINCT ?uri WHERE { <http://novelas-populares.org/autor_henryk_sienkiewicz> <http://novelas-populares.org/paisDeNacimiento> ?uri }","2"
"10","¿Quién escribió Aventuras de Sherlock Holmes?","¿Cuál es el <autor> de <Aventuras de Sherlock Holmes>?","SELECT DISTINCT ?uri WHERE { <http://novelas-populares.org/novela_1814792333> <http://novelas-populares.org/tieneAutor> ?uri }","2"
"11","¿Qué novelas escribió Maurice Leblanc?","¿Cuál es la <novela> cuyo <autor> es <Maurice Leblanc>?","SELECT DISTINCT ?uri WHERE { ?uri <http://novelas-populares.org/tieneAutor> <http://novelas-populares.org/autor_maurice_leblanc> . ?uri a <http://novelas-populares.org/Novela> }","301"
"12","¿En qué ciudad nació Walter Scott?","¿Cuál es el <lugar de nacimiento> de <Walter Scott>?","SELECT DISTINCT ?uri WHERE { <http://novelas-populares.org/autor_walter_scott> <http://novelas-populares.org/lugarDeNacimiento> ?uri }","2"
"13","¿Cuál es el idioma original de El jorobado?","¿Cuál es el <idioma original> de <El jorobado>?","SELECT DISTINCT ?uri WHERE { <http://novelas-populares.org/novela_1832910172> <http://novelas-populares.org/tieneIdiomaOriginal> ?uri }","2"
"14","¿En qué país nació Edgar Rice Burroughs?","¿Cuál es el <país de nacimiento> de <Edgar Rice Burroughs>?","SELECT DISTINCT ?uri WHERE { <http://novelas-populares.org/autor_edgar_rice_burroughs> <http://novelas-populares.org/paisDeNacimiento> ?uri }","2"
"15","¿Qué editorial publicó El cofre misterioso?","¿Cuál es la <editorial> de <El cofre misterioso>?","SELECT DISTINCT ?uri WHERE { <http://novelas-populares.org/novela_1856424405> <http://novelas-populares.org/publicadaPor> ?uri }","2"
"16","¿Qué novelas publicó la Editorial Renacimiento?","¿Cuál es la <novela> cuya <editorial> es <Renacimiento>?","SELECT DISTINCT ?uri WHERE { ?uri <http://novelas-populares.org/publicadaPor> <http://novelas-populares.org/editorial_renacimiento> . ?uri a <http://novelas-populares.org/Novela> }","301"
"17","¿En qué ciudad nació Alphonse de Lamartine?","¿Cuál es el <lugar de nacimiento> de <Alphonse de Lamartine>?","SELECT DISTINCT ?uri WHERE { <http://novelas-populares.org/autor_alphonse_de_lamartine> <http://novelas-populares.org/lugarDeNacimiento> ?uri }","2"
"18","¿Quién fundó la Editorial Aguilar?","¿Cuál es el <fundador> de <Aguilar>?","SELECT DISTINCT ?uri WHERE { <http://novelas-populares.org/editorial_aguilar> <http://novelas-populares.org/fundadaPor> ?uri }","2"
"19","¿En qué país nació Wilkie Collins?","¿Cuál es el <país de nacimiento> de <Wilkie Collins>?","SELECT DISTINCT ?uri WHERE { <http://novelas-populares.org/autor_wilkie_collins> <http://novelas-populares.org/paisDeNacimiento> ?uri }","2"
"20","¿En qué ciudad se publicó El último mohicano?","¿Cuál es la <ciudad de publicación> de <El último mohicano>?","SELECT DISTINCT ?uri WHERE { <http://novelas-populares.org/novela_1814865829> <http://novelas-populares.org/publicadaEnCiudad> ?uri }","2"
"21","¿Cuál es el idioma del ejemplar de El Conde de Monte-Cristo?","¿Cuál es el <idioma del ejemplar> de <El Conde de Monte-Cristo>?","SELECT DISTINCT ?uri WHERE { <http://novelas-populares.org/novela_1747437387> <http://novelas-populares.org/tieneIdiomaEjemplar> ?uri }","2"
"22","¿Qué novelas escribió Gaston Leroux?","¿Cuál es la <novela> cuyo <autor> es <Gaston Leroux>?","SELECT DISTINCT ?uri WHERE { ?uri <http://novelas-populares.org/tieneAutor> <http://novelas-populares.org/autor_gaston_leroux> . ?uri a <http://novelas-populares.org/Novela> }","301"
"23","¿Cuál es el país de nacimiento de Luigi Motta?","¿Cuál es el <país de nacimiento> de <Luigi Motta>?","SELECT DISTINCT ?uri WHERE { <http://novelas-populares.org/autor_luigi_motta> <http://novelas-populares.org/paisDeNacimiento> ?uri }","2"
"24","¿Qué novelas publicó la Editorial Mundo Latino?","¿Cuál es la <novela> cuya <editorial> es <Mundo Latino>?","SELECT DISTINCT ?uri WHERE { ?uri <http://novelas-populares.org/publicadaPor> <http://novelas-populares.org/editorial_mundo_latino> . ?uri a <http://novelas-populares.org/Novela> }","301"
"25","¿En qué ciudad nació Alexandre Dumas?","¿Cuál es el <lugar de nacimiento> de <Alexandre Dumas>?","SELECT DISTINCT ?uri WHERE { <http://novelas-populares.org/autor_alexandre_dumas> <http://novelas-populares.org/lugarDeNacimiento> ?uri }","2"
"26","¿Quién fundó la Compañía Anónima Calpe?","¿Cuál es el <fundador> de <Compañía Anónima Calpe>?","SELECT DISTINCT ?uri WHERE { <http://novelas-populares.org/editorial_compania_anonima_calpe> <http://novelas-populares.org/fundadaPor> ?uri }","2"
"27","¿En qué ciudad nació Emile Gaboriau?","¿Cuál es el <lugar de nacimiento> de <Emile Gaboriau>?","SELECT DISTINCT ?uri WHERE { <http://novelas-populares.org/autor_emile_gaboriau> <http://novelas-populares.org/lugarDeNacimiento> ?uri }","2"
"28","¿Qué novelas publicó la Editorial Lux?","¿Cuál es la <novela> cuya <editorial> es <Editorial Lux>?","SELECT DISTINCT ?uri WHERE { ?uri <http://novelas-populares.org/publicadaPor> <http://novelas-populares.org/editorial_editorial_lux> . ?uri a <http://novelas-populares.org/Novela> }","301"
"29","¿En qué ciudad nació Eugène Sue?","¿Cuál es el <lugar de nacimiento> de <Eugène Sue>?","SELECT DISTINCT ?uri WHERE { <http://novelas-populares.org/autor_eugene_sue> <http://novelas-populares.org/lugarDeNacimiento> ?uri }","2"
"30","¿Cuál es el idioma del ejemplar de El pirata?","¿Cuál es el <idioma del ejemplar> de <El pirata>?","SELECT DISTINCT ?uri WHERE { <http://novelas-populares.org/novela_1814796657> <http://novelas-populares.org/tieneIdiomaEjemplar> ?uri }","2"
"31","¿Qué novelas escribió Xavier de Montépin?","¿Cuál es la <novela> cuyo <autor> es <Xavier de Montépin>?","SELECT DISTINCT ?uri WHERE { ?uri <http://novelas-populares.org/tieneAutor> <http://novelas-populares.org/autor_xavier_de_montepin> . ?uri a <http://novelas-populares.org/Novela> }","301"
"32","¿En qué ciudad nació Honoré de Balzac?","¿Cuál es el <lugar de nacimiento> de <Honoré de Balzac>?","SELECT DISTINCT ?uri WHERE { <http://novelas-populares.org/autor_honore_balzac> <http://novelas-populares.org/lugarDeNacimiento> ?uri }","2"
"33","¿Cuál es el país de nacimiento de James Fenimore Cooper?","¿Cuál es el <país de nacimiento> de <James Fenimore Cooper>?","SELECT DISTINCT ?uri WHERE { <http://novelas-populares.org/autor_james_fenimore_cooper> <http://novelas-populares.org/paisDeNacimiento> ?uri }","2"
"34","¿Quién fundó la editorial Luis Tasso?","¿Cuál es el <fundador> de <Luis Tasso>?","SELECT DISTINCT ?uri WHERE { <http://novelas-populares.org/editorial_luis_tasso> <http://novelas-populares.org/fundadaPor> ?uri }","2"
"35","¿Cuál es el idioma original de El Conde de Léicester?","¿Cuál es el <idioma original> de <El Conde de Léicester>?","SELECT DISTINCT ?uri WHERE { <http://novelas-populares.org/novela_1814864393> <http://novelas-populares.org/tieneIdiomaOriginal> ?uri }","2"
"36","¿En qué país nació Paul Kock?","¿Cuál es el <país de nacimiento> de <Paul Kock>?","SELECT DISTINCT ?uri WHERE { <http://novelas-populares.org/autor_paul_kock> <http://novelas-populares.org/paisDeNacimiento> ?uri }","2"
"37","¿Qué novelas están publicadas en Madrid y escritas originalmente en italiano?","¿Cuál es la <novela> cuya <ciudad de publicación> es <Madrid> y cuyo <idioma original> es <Italiano>?","SELECT DISTINCT ?uri WHERE { ?uri <http://novelas-populares.org/publicadaEnCiudad> <http://novelas-populares.org/ciudad_madrid> . ?uri <http://novelas-populares.org/tieneIdiomaOriginal> <http://novelas-populares.org/idioma_italiano> . ?uri a <http://novelas-populares.org/Novela> }","308"
"38","¿Qué novelas publicó la Editorial Calleja con ejemplar en castellano?","¿Cuál es la <novela> cuya <editorial> es <Editorial Calleja> y cuyo <idioma del ejemplar> es <Castellano>?","SELECT DISTINCT ?uri WHERE { ?uri <http://novelas-populares.org/publicadaPor> <http://novelas-populares.org/editorial_editorial_calleja> . ?uri <http://novelas-populares.org/tieneIdiomaEjemplar> <http://novelas-populares.org/idioma_castellano> . ?uri a <http://novelas-populares.org/Novela> }","308"
"39","¿Qué autores nacieron en Italia y cultivaron la novela?","¿Cuál es el <autor> cuyo <país de nacimiento> es <Italia> y cuyo <género> es <novela>?","SELECT DISTINCT ?uri WHERE { ?uri <http://novelas-populares.org/paisDeNacimiento> <http://novelas-populares.org/pais_italia> . ?uri <http://novelas-populares.org/tieneGenero> <http://novelas-populares.org/genero_novela> . ?uri a <http://novelas-populares.org/Autor> }","308"
"40","¿Qué novelas de idioma original inglés publicó la Editorial Sopena en Barcelona?","¿Cuál es la <novela> cuya <editorial> es <Editorial Sopena>, cuyo <idioma original> es <Inglés> y cuya <ciudad de publicación> es <Barcelona>?","SELECT DISTINCT ?uri WHERE { ?uri <http://novelas-populares.org/publicadaPor> <http://novelas-populares.org/editorial_editorial_sopena> . ?uri <http://novelas-populares.org/tieneIdiomaOriginal> <http://novelas-populares.org/idioma_ingles> . ?uri <http://novelas-populares.org/publicadaEnCiudad> <http://novelas-populares.org/ciudad_barcelona> . ?uri a <http://novelas-populares.org/Novela> }","308"
"41","¿Qué autores escribieron novelas publicadas en Barcelona con idioma original francés?","¿Cuál es el <autor> de novelas cuya <ciudad de publicación> es <Barcelona> y cuyo <idioma original> es <Francés>?","SELECT DISTINCT ?uri WHERE { ?x <http://novelas-populares.org/publicadaEnCiudad> <http://novelas-populares.org/ciudad_barcelona> . ?x <http://novelas-populares.org/tieneIdiomaOriginal> <http://novelas-populares.org/idioma_frances> . ?x <http://novelas-populares.org/tieneAutor> ?uri . ?uri a <http://novelas-populares.org/Autor> }","5"
"42","¿Qué novelas publicadas en Madrid tienen ejemplar en castellano?","¿Cuál es la <novela> cuya <ciudad de publicación> es <Madrid> y cuyo <idioma del ejemplar> es <Castellano>?","SELECT DISTINCT ?uri WHERE { ?uri <http://novelas-populares.org/publicadaEnCiudad> <http://novelas-populares.org/ciudad_madrid> . ?uri <http://novelas-populares.org/tieneIdiomaEjemplar> <http://novelas-populares.org/idioma_castellano> . ?uri a <http://novelas-populares.org/Novela> }","308"
"43","¿Qué novelas son traducciones del italiano al castellano?","¿Cuál es la <novela> cuyo <idioma original> es <Italiano> y cuyo <idioma del ejemplar> es <Castellano>?","SELECT DISTINCT ?uri WHERE { ?uri <http://novelas-populares.org/tieneIdiomaOriginal> <http://novelas-populares.org/idioma_italiano> . ?uri <http://novelas-populares.org/tieneIdiomaEjemplar> <http://novelas-populares.org/idioma_castellano> . ?uri a <http://novelas-populares.org/Novela> }","308"
"44","¿Qué autores nacidos en Francia publicaron novelas en Madrid?","¿Cuál es el <autor> cuyo <país de nacimiento> es <Francia> y que escribió novelas con <ciudad de publicación> <Madrid>?","SELECT DISTINCT ?uri WHERE { ?uri <http://novelas-populares.org/paisDeNacimiento> <http://novelas-populares.org/pais_francia> . ?x <http://novelas-populares.org/tieneAutor> ?uri . ?x <http://novelas-populares.org/publicadaEnCiudad> <http://novelas-populares.org/ciudad_madrid> . ?uri a <http://novelas-populares.org/Autor> }","305"
"45","¿Qué novelas comparten autor con Aventuras de Sherlock Holmes?","¿Cuál es la <novela> cuyo <autor> es el mismo que el de <Aventuras de Sherlock Holmes>?","SELECT DISTINCT ?uri WHERE { <http://novelas-populares.org/novela_1814792333> <http://novelas-populares.org/tieneAutor> ?a . ?uri <http://novelas-populares.org/tieneAutor> ?a . FILTER(?uri != <http://novelas-populares.org/novela_1814792333>) . ?uri a <http://novelas-populares.org/Novela> }","3"
"46","¿Qué novelas comparten autor y editorial con Detectives rivales?","¿Cuál es la <novela> cuyo <autor> y <editorial> son los mismos que los de <Detectives rivales>?","SELECT DISTINCT ?uri WHERE { <http://novelas-populares.org/novela_1859636071> <http://novelas-populares.org/tieneAutor> ?a . <http://novelas-populares.org/novela_1859636071> <http://novelas-populares.org/publicadaPor> ?e . ?uri <http://novelas-populares.org/tieneAutor> ?a . ?uri <http://novelas-populares.org/publicadaPor> ?e . FILTER(?uri != <http://novelas-populares.org/novela_1859636071>) }","16"
"47","¿Cuál es la ciudad de publicación y el idioma original de El proceso Lerouge?","¿Cuáles son la <ciudad de publicación> y el <idioma original> de <El proceso Lerouge>?","SELECT DISTINCT ?ciudad ?idioma WHERE { <http://novelas-populares.org/novela_1859638538> <http://novelas-populares.org/publicadaEnCiudad> ?ciudad . <http://novelas-populares.org/novela_1859638538> <http://novelas-populares.org/tieneIdiomaOriginal> ?idioma }","9"
"48","¿Qué autores escribieron novelas originales en catalán publicadas en Barcelona?","¿Cuál es el <autor> de novelas cuyo <idioma original> es <Catalán> y cuya <ciudad de publicación> es <Barcelona>?","SELECT DISTINCT ?uri WHERE { ?x <http://novelas-populares.org/tieneIdiomaOriginal> <http://novelas-populares.org/idioma_catalan> . ?x <http://novelas-populares.org/publicadaEnCiudad> <http://novelas-populares.org/ciudad_barcelona> . ?x <http://novelas-populares.org/tieneAutor> ?uri . ?uri a <http://novelas-populares.org/Autor> }","5"
"49","¿Cuáles son las novelas de autores italianos publicadas en Barcelona?","¿Cuál es la <novela> cuya <ciudad de publicación> es <Barcelona> y cuyo <autor> nació en <Italia>?","SELECT DISTINCT ?uri WHERE { ?uri <http://novelas-populares.org/publicadaEnCiudad> <http://novelas-populares.org/ciudad_barcelona> . ?uri <http://novelas-populares.org/tieneAutor> ?a . ?a <http://novelas-populares.org/paisDeNacimiento> <http://novelas-populares.org/pais_italia> . ?uri a <http://novelas-populares.org/Novela> }","3"
"50","¿Qué editoriales publicaron novelas de idioma original húngaro?","¿Cuál es la <editorial> que publicó novelas cuyo <idioma original> es <Húngaro>?","SELECT DISTINCT ?uri WHERE { ?x <http://novelas-populares.org/tieneIdiomaOriginal> <http://novelas-populares.org/idioma_hungaro> . ?x <http://novelas-populares.org/publicadaPor> ?uri . ?uri a <http://novelas-populares.org/Editorial> }","6"
"51","¿Qué autores nacidos en Gran Bretaña cultivaron el misterio?","¿Cuál es el <autor> cuyo <país de nacimiento> es <Gran Bretaña> y cuyo <género> es <misterio>?","SELECT DISTINCT ?uri WHERE { ?uri <http://novelas-populares.org/paisDeNacimiento> <http://novelas-populares.org/pais_gran_bretana> . ?uri <http://novelas-populares.org/tieneGenero> <http://novelas-populares.org/genero_misterio> . ?uri a <http://novelas-populares.org/Autor> }","308"
"52","¿Qué novelas de idioma original inglés se publicaron en Madrid?","¿Cuál es la <novela> cuyo <idioma original> es <Inglés> y cuya <ciudad de publicación> es <Madrid>?","SELECT DISTINCT ?uri WHERE { ?uri <http://novelas-populares.org/tieneIdiomaOriginal> <http://novelas-populares.org/idioma_ingles> . ?uri <http://novelas-populares.org/publicadaEnCiudad> <http://novelas-populares.org/ciudad_madrid> . ?uri a <http://novelas-populares.org/Novela> }","308"
"53","¿Qué editoriales publicaron novelas de Jules Verne?","¿Cuál es la <editorial> de novelas cuyo <autor> es <Jules Verne>?","SELECT DISTINCT ?uri WHERE { ?x <http://novelas-populares.org/tieneAutor> <http://novelas-populares.org/autor_jules_verne> . ?x <http://novelas-populares.org/publicadaPor> ?uri . ?uri a <http://novelas-populares.org/Editorial> }","6"
"54","¿En qué ciudades se publicaron las novelas de Emilio Salgari?","¿Cuál es la <ciudad de publicación> de novelas cuyo <autor> es <Emilio Salgari>?","SELECT DISTINCT ?uri WHERE { ?x <http://novelas-populares.org/tieneAutor> <http://novelas-populares.org/autor_emilio_salgari> . ?x <http://novelas-populares.org/publicadaEnCiudad> ?uri }","6"
"55","¿Cuál es el fundador de la editorial que publicó El proceso Lerouge?","¿Cuál es el <fundador> de la <editorial> de <El proceso Lerouge>?","SELECT DISTINCT ?uri WHERE { <http://novelas-populares.org/novela_1859638538> <http://novelas-populares.org/publicadaPor> ?e . ?e <http://novelas-populares.org/fundadaPor> ?uri }","9"
"56","¿Qué novelas escribió un autor polaco y publicó la Editorial Sopena?","¿Cuál es la <novela> cuyo <autor> nació en <Polonia> y cuya <editorial> es <Editorial Sopena>?","SELECT DISTINCT ?uri WHERE { ?uri <http://novelas-populares.org/publicadaPor> <http://novelas-populares.org/editorial_editorial_sopena> . ?uri <http://novelas-populares.org/tieneAutor> ?a . ?a <http://novelas-populares.org/paisDeNacimiento> <http://novelas-populares.org/pais_polonia> . ?uri a <http://novelas-populares.org/Novela> }","3"
"57","¿Qué autores franceses cultivaron la ciencia ficción?","¿Cuál es el <autor> cuyo <país de nacimiento> es <Francia> y cuyo <género> es <ciencia ficción>?","SELECT DISTINCT ?uri WHERE { ?uri <http://novelas-populares.org/paisDeNacimiento> <http://novelas-populares.org/pais_francia> . ?uri <http://novelas-populares.org/tieneGenero> <http://novelas-populares.org/genero_ciencia_ficcion> . ?uri a <http://novelas-populares.org/Autor> }","308"
"58","¿En qué países se ubican las ciudades de publicación de novelas en alemán?","¿Cuál es el <país> de la <ciudad de publicación> de novelas cuyo <idioma original> es <Alemán>?","SELECT DISTINCT ?uri WHERE { ?nov <http://novelas-populares.org/tieneIdiomaOriginal> <http://novelas-populares.org/idioma_aleman> . ?nov <http://novelas-populares.org/publicadaEnCiudad> ?c . ?c <http://novelas-populares.org/ubicadaEn> ?uri }","3"
"59","¿Qué editoriales publicaron novelas tanto de Emilio Salgari como de Luigi Motta?","¿Cuál es la <editorial> que publicó novelas de <Emilio Salgari> y también de <Luigi Motta>?","SELECT DISTINCT ?uri WHERE { ?x <http://novelas-populares.org/tieneAutor> <http://novelas-populares.org/autor_emilio_salgari> . ?x <http://novelas-populares.org/publicadaPor> ?uri . ?y <http://novelas-populares.org/tieneAutor> <http://novelas-populares.org/autor_luigi_motta> . ?y <http://novelas-populares.org/publicadaPor> ?uri . ?uri a <http://novelas-populares.org/Editorial> }","15"
"60","¿Qué idiomas originales tienen las novelas de la Editorial Renacimiento?","¿Cuál es el <idioma original> de novelas cuya <editorial> es <Renacimiento>?","SELECT DISTINCT ?uri WHERE { ?x <http://novelas-populares.org/publicadaPor> <http://novelas-populares.org/editorial_renacimiento> . ?x <http://novelas-populares.org/tieneIdiomaOriginal> ?uri }","6"
"61","¿Cuál es el fundador y ciudad de publicación de novelas de la Editorial Calleja?","¿Cuál es el <fundador> de <Editorial Calleja> y la <ciudad de publicación> de sus novelas?","SELECT DISTINCT ?fundador ?ciudad WHERE { <http://novelas-populares.org/editorial_editorial_calleja> <http://novelas-populares.org/fundadaPor> ?fundador . ?x <http://novelas-populares.org/publicadaPor> <http://novelas-populares.org/editorial_editorial_calleja> . ?x <http://novelas-populares.org/publicadaEnCiudad> ?ciudad }","9"
"62","¿Cuál es el idioma original de El Conde de Monte-Cristo?","¿Cuál es el <idioma original> de <El Conde de Monte-Cristo>?","SELECT DISTINCT ?uri WHERE { <http://novelas-populares.org/novela_1747437387> <http://novelas-populares.org/tieneIdiomaOriginal> ?uri }","2"
"63","¿Qué ciudades de publicación comparten novelas de Emilio Salgari y de Luigi Motta?","¿Cuál es la <ciudad de publicación> de novelas de <Emilio Salgari> y también de <Luigi Motta>?","SELECT DISTINCT ?uri WHERE { ?x <http://novelas-populares.org/tieneAutor> <http://novelas-populares.org/autor_emilio_salgari> . ?x <http://novelas-populares.org/publicadaEnCiudad> ?uri . ?y <http://novelas-populares.org/tieneAutor> <http://novelas-populares.org/autor_luigi_motta> . ?y <http://novelas-populares.org/publicadaEnCiudad> ?uri }","15"
"64","¿Qué autores tienen novelas publicadas tanto en Barcelona como en Madrid?","¿Cuál es el <autor> de novelas con <ciudad de publicación> <Barcelona> y también con <ciudad de publicación> <Madrid>?","SELECT DISTINCT ?uri WHERE { ?x <http://novelas-populares.org/tieneAutor> ?uri . ?x <http://novelas-populares.org/publicadaEnCiudad> <http://novelas-populares.org/ciudad_barcelona> . ?y <http://novelas-populares.org/tieneAutor> ?uri . ?y <http://novelas-populares.org/publicadaEnCiudad> <http://novelas-populares.org/ciudad_madrid> . ?uri a <http://novelas-populares.org/Autor> }","15"
"65","¿Qué idiomas originales tienen las novelas de autores italianos publicadas en Barcelona?","¿Cuál es el <idioma original> de novelas con <ciudad de publicación> <Barcelona> y <autor> nacido en <Italia>?","SELECT DISTINCT ?uri WHERE { ?nov <http://novelas-populares.org/publicadaEnCiudad> <http://novelas-populares.org/ciudad_barcelona> . ?nov <http://novelas-populares.org/tieneAutor> ?a . ?a <http://novelas-populares.org/paisDeNacimiento> <http://novelas-populares.org/pais_italia> . ?nov <http://novelas-populares.org/tieneIdiomaOriginal> ?uri }","3"
"66","¿Qué novelas de la Casa Editorial Maucci tienen idioma original inglés?","¿Cuál es la <novela> cuya <editorial> es <Casa Editorial Maucci> y cuyo <idioma original> es <Inglés>?","SELECT DISTINCT ?uri WHERE { ?uri <http://novelas-populares.org/publicadaPor> <http://novelas-populares.org/editorial_casa_editorial_maucci> . ?uri <http://novelas-populares.org/tieneIdiomaOriginal> <http://novelas-populares.org/idioma_ingles> . ?uri a <http://novelas-populares.org/Novela> }","308"
"67","¿Qué editores nacieron fuera de España?","¿Cuál es el <editor> cuyo <país de nacimiento> no es <España>?","SELECT DISTINCT ?uri WHERE { ?uri a <http://novelas-populares.org/Editor> . ?uri <http://novelas-populares.org/paisDeNacimiento> ?p . FILTER(?p != <http://novelas-populares.org/pais_espana>) }","301"
"68","¿Qué novelas de autores británicos tiene la colección?","¿Cuál es la <novela> cuyo <autor> nació en <Gran Bretaña>?","SELECT DISTINCT ?uri WHERE { ?uri <http://novelas-populares.org/tieneAutor> ?a . ?a <http://novelas-populares.org/paisDeNacimiento> <http://novelas-populares.org/pais_gran_bretana> . ?uri a <http://novelas-populares.org/Novela> }","3"
"69","¿Qué ciudades de publicación tienen las novelas de Alexandre Dumas?","¿Cuál es la <ciudad de publicación> de novelas cuyo <autor> es <Alexandre Dumas>?","SELECT DISTINCT ?uri WHERE { ?x <http://novelas-populares.org/tieneAutor> <http://novelas-populares.org/autor_alexandre_dumas> . ?x <http://novelas-populares.org/publicadaEnCiudad> ?uri }","6"
"70","¿Qué autores nacidos en Alemania están en la colección?","¿Cuál es el <autor> cuyo <país de nacimiento> es <Alemania>?","SELECT DISTINCT ?uri WHERE { ?uri <http://novelas-populares.org/paisDeNacimiento> <http://novelas-populares.org/pais_alemania> . ?uri a <http://novelas-populares.org/Autor> }","301"
"71","¿Qué novelas de Valencia son originales en castellano?","¿Cuál es la <novela> cuya <ciudad de publicación> es <Valencia> y cuyo <idioma original> es <Castellano>?","SELECT DISTINCT ?uri WHERE { ?uri <http://novelas-populares.org/publicadaEnCiudad> <http://novelas-populares.org/ciudad_valencia> . ?uri <http://novelas-populares.org/tieneIdiomaOriginal> <http://novelas-populares.org/idioma_castellano> . ?uri a <http://novelas-populares.org/Novela> }","308"
"72","¿Qué autores de la colección tienen novelas publicadas tanto en Madrid como en Barcelona?","¿Cuál es el <autor> de novelas con <ciudad de publicación> <Madrid> y también con <ciudad de publicación> <Barcelona>?","SELECT DISTINCT ?uri WHERE { ?x <http://novelas-populares.org/tieneAutor> ?uri . ?x <http://novelas-populares.org/publicadaEnCiudad> <http://novelas-populares.org/ciudad_madrid> . ?y <http://novelas-populares.org/tieneAutor> ?uri . ?y <http://novelas-populares.org/publicadaEnCiudad> <http://novelas-populares.org/ciudad_barcelona> . ?uri a <http://novelas-populares.org/Autor> }","15"
"73","¿Cuáles son los idiomas del ejemplar de las novelas de Wilkie Collins?","¿Cuál es el <idioma del ejemplar> de novelas cuyo <autor> es <Wilkie Collins>?","SELECT DISTINCT ?uri WHERE { ?x <http://novelas-populares.org/tieneAutor> <http://novelas-populares.org/autor_wilkie_collins> . ?x <http://novelas-populares.org/tieneIdiomaEjemplar> ?uri }","6"
"74","¿Qué autores nacidos en Noruega cultivaron la dramaturgia?","¿Cuál es el <autor> cuyo <país de nacimiento> es <Noruega> y cuyo <género> es <dramaturgia>?","SELECT DISTINCT ?uri WHERE { ?uri <http://novelas-populares.org/paisDeNacimiento> <http://novelas-populares.org/pais_noruega> . ?uri <http://novelas-populares.org/tieneGenero> <http://novelas-populares.org/genero_dramaturgia> . ?uri a <http://novelas-populares.org/Autor> }","308"
"75","¿Qué novelas de la Editorial Calleja son originales en francés?","¿Cuál es la <novela> cuya <editorial> es <Editorial Calleja> y cuyo <idioma original> es <Francés>?","SELECT DISTINCT ?uri WHERE { ?uri <http://novelas-populares.org/publicadaPor> <http://novelas-populares.org/editorial_editorial_calleja> . ?uri <http://novelas-populares.org/tieneIdiomaOriginal> <http://novelas-populares.org/idioma_frances> . ?uri a <http://novelas-populares.org/Novela> }","308"
"76","¿Qué editoriales publicaron novelas de idioma original italiano en Barcelona?","¿Cuál es la <editorial> que publicó novelas con <idioma original> <Italiano> en <Barcelona>?","SELECT DISTINCT ?uri WHERE { ?x <http://novelas-populares.org/tieneIdiomaOriginal> <http://novelas-populares.org/idioma_italiano> . ?x <http://novelas-populares.org/publicadaEnCiudad> <http://novelas-populares.org/ciudad_barcelona> . ?x <http://novelas-populares.org/publicadaPor> ?uri . ?uri a <http://novelas-populares.org/Editorial> }","6"
"77","¿Qué novelas de la Editorial Calleja tienen idioma original italiano?","¿Cuál es la <novela> cuya <editorial> es <Editorial Calleja> y cuyo <idioma original> es <Italiano>?","SELECT DISTINCT ?uri WHERE { ?uri <http://novelas-populares.org/publicadaPor> <http://novelas-populares.org/editorial_editorial_calleja> . ?uri <http://novelas-populares.org/tieneIdiomaOriginal> <http://novelas-populares.org/idioma_italiano> . ?uri a <http://novelas-populares.org/Novela> }","308"
"78","¿Qué autores nacidos en España cultivaron tanto la novela como la dramaturgia?","¿Cuál es el <autor> cuyo <país de nacimiento> es <España> y cuyo <género> es <novela> y también <dramaturgia>?","SELECT DISTINCT ?uri WHERE { ?uri <http://novelas-populares.org/paisDeNacimiento> <http://novelas-populares.org/pais_espana> . ?uri <http://novelas-populares.org/tieneGenero> <http://novelas-populares.org/genero_novela> . ?uri <http://novelas-populares.org/tieneGenero> <http://novelas-populares.org/genero_dramaturgia> . ?uri a <http://novelas-populares.org/Autor> }","308"
"79","¿Qué editoriales publicaron novelas de Maurice Leblanc?","¿Cuál es la <editorial> de novelas cuyo <autor> es <Maurice Leblanc>?","SELECT DISTINCT ?uri WHERE { ?x <http://novelas-populares.org/tieneAutor> <http://novelas-populares.org/autor_maurice_leblanc> . ?x <http://novelas-populares.org/publicadaPor> ?uri . ?uri a <http://novelas-populares.org/Editorial> }","6"
"80","¿Cuál es el fundador y el idioma original de las novelas de la Editorial Juventud?","¿Cuál es el <fundador> de <Editorial Juventud> y el <idioma original> de sus novelas?","SELECT DISTINCT ?fundador ?idioma WHERE { <http://novelas-populares.org/editorial_editorial_juventud> <http://novelas-populares.org/fundadaPor> ?fundador . ?x <http://novelas-populares.org/publicadaPor> <http://novelas-populares.org/editorial_editorial_juventud> . ?x <http://novelas-populares.org/tieneIdiomaOriginal> ?idioma }","9"
"81","¿Qué novelas de autores argentinos hay en la colección?","¿Cuál es la <novela> cuyo <autor> nació en <Argentina>?","SELECT DISTINCT ?uri WHERE { ?uri <http://novelas-populares.org/tieneAutor> ?a . ?a <http://novelas-populares.org/paisDeNacimiento> <http://novelas-populares.org/pais_argentina> . ?uri a <http://novelas-populares.org/Novela> }","3"
"82","¿Qué autores nacidos en Francia cultivaron la novela policíaca?","¿Cuál es el <autor> cuyo <país de nacimiento> es <Francia> y cuyo <género> es <novela policíaca>?","SELECT DISTINCT ?uri WHERE { ?uri <http://novelas-populares.org/paisDeNacimiento> <http://novelas-populares.org/pais_francia> . ?uri <http://novelas-populares.org/tieneGenero> <http://novelas-populares.org/genero_novela_policiaca> . ?uri a <http://novelas-populares.org/Autor> }","308"
"83","¿Qué novelas de la Casa Editorial Maucci tienen ejemplar en castellano?","¿Cuál es la <novela> cuya <editorial> es <Casa Editorial Maucci> y cuyo <idioma del ejemplar> es <Castellano>?","SELECT DISTINCT ?uri WHERE { ?uri <http://novelas-populares.org/publicadaPor> <http://novelas-populares.org/editorial_casa_editorial_maucci> . ?uri <http://novelas-populares.org/tieneIdiomaEjemplar> <http://novelas-populares.org/idioma_castellano> . ?uri a <http://novelas-populares.org/Novela> }","308"
"84","¿Qué ciudades de publicación tienen las novelas de autores nacidos en Polonia?","¿Cuál es la <ciudad de publicación> de novelas cuyo <autor> nació en <Polonia>?","SELECT DISTINCT ?uri WHERE { ?x <http://novelas-populares.org/tieneAutor> ?a . ?a <http://novelas-populares.org/paisDeNacimiento> <http://novelas-populares.org/pais_polonia> . ?x <http://novelas-populares.org/publicadaEnCiudad> ?uri }","6"
"85","¿Qué idiomas originales tienen las novelas publicadas en Valencia?","¿Cuál es el <idioma original> de novelas cuya <ciudad de publicación> es <Valencia>?","SELECT DISTINCT ?uri WHERE { ?x <http://novelas-populares.org/publicadaEnCiudad> <http://novelas-populares.org/ciudad_valencia> . ?x <http://novelas-populares.org/tieneIdiomaOriginal> ?uri }","6"
"86","¿Qué autores cultivaron tanto la novela como la dramaturgia?","¿Cuál es el <autor> cuyo <género> es <novela> y también <dramaturgia>?","SELECT DISTINCT ?uri WHERE { ?uri <http://novelas-populares.org/tieneGenero> <http://novelas-populares.org/genero_novela> . ?uri <http://novelas-populares.org/tieneGenero> <http://novelas-populares.org/genero_dramaturgia> . ?uri a <http://novelas-populares.org/Autor> }","7"
"87","¿Qué novelas de autores nacidos en Hungría hay en la colección?","¿Cuál es la <novela> cuyo <autor> nació en <Hungría>?","SELECT DISTINCT ?uri WHERE { ?uri <http://novelas-populares.org/tieneAutor> ?a . ?a <http://novelas-populares.org/paisDeNacimiento> <http://novelas-populares.org/pais_hungria> . ?uri a <http://novelas-populares.org/Novela> }","3"
"88","¿Qué editoriales publicaron novelas en Valencia?","¿Cuál es la <editorial> de novelas cuya <ciudad de publicación> es <Valencia>?","SELECT DISTINCT ?uri WHERE { ?x <http://novelas-populares.org/publicadaEnCiudad> <http://novelas-populares.org/ciudad_valencia> . ?x <http://novelas-populares.org/publicadaPor> ?uri . ?uri a <http://novelas-populares.org/Editorial> }","6"
"89","¿Qué novelas comparten tanto autor como editorial con ¡Sacrificio!?","¿Cuál es la <novela> cuyo <autor> y <editorial> son los mismos que los de <¡Sacrificio!>?","SELECT DISTINCT ?uri WHERE { <http://novelas-populares.org/novela_1682516717> <http://novelas-populares.org/tieneAutor> ?a . <http://novelas-populares.org/novela_1682516717> <http://novelas-populares.org/publicadaPor> ?e . ?uri <http://novelas-populares.org/tieneAutor> ?a . ?uri <http://novelas-populares.org/publicadaPor> ?e . FILTER(?uri != <http://novelas-populares.org/novela_1682516717>) }","16"
"90","¿Qué autores españoles cultivaron la novela histórica?","¿Cuál es el <autor> cuyo <país de nacimiento> es <España> y cuyo <género> es <novela histórica>?","SELECT DISTINCT ?uri WHERE { ?uri <http://novelas-populares.org/paisDeNacimiento> <http://novelas-populares.org/pais_espana> . ?uri <http://novelas-populares.org/tieneGenero> <http://novelas-populares.org/genero_novela_historica> . ?uri a <http://novelas-populares.org/Autor> }","308"
"91","¿Qué novelas de autores nacidos en Singapur hay en la colección?","¿Cuál es la <novela> cuyo <autor> nació en <Singapur>?","SELECT DISTINCT ?uri WHERE { ?uri <http://novelas-populares.org/tieneAutor> ?a . ?a <http://novelas-populares.org/paisDeNacimiento> <http://novelas-populares.org/pais_singapur> . ?uri a <http://novelas-populares.org/Novela> }","3"
"92","¿Qué editoriales publicaron novelas de autores nacidos en Alemania en Madrid?","¿Cuál es la <editorial> de novelas cuyo <autor> nació en <Alemania> y cuya <ciudad de publicación> es <Madrid>?","SELECT DISTINCT ?uri WHERE { ?x <http://novelas-populares.org/tieneAutor> ?a . ?a <http://novelas-populares.org/paisDeNacimiento> <http://novelas-populares.org/pais_alemania> . ?x <http://novelas-populares.org/publicadaEnCiudad> <http://novelas-populares.org/ciudad_madrid> . ?x <http://novelas-populares.org/publicadaPor> ?uri . ?uri a <http://novelas-populares.org/Editorial> }","6"
"93","¿Qué novelas de la Editorial Saénz de Jubera se publicaron en Madrid?","¿Cuál es la <novela> cuya <editorial> es <Editorial Saénz de Jubera> y cuya <ciudad de publicación> es <Madrid>?","SELECT DISTINCT ?uri WHERE { ?uri <http://novelas-populares.org/publicadaPor> <http://novelas-populares.org/editorial_editorial_saenz_de_jubera> . ?uri <http://novelas-populares.org/publicadaEnCiudad> <http://novelas-populares.org/ciudad_madrid> . ?uri a <http://novelas-populares.org/Novela> }","308"
"94","¿Qué autores cultivaron el ensayo?","¿Cuál es el <autor> cuyo <género> es <ensayo>?","SELECT DISTINCT ?uri WHERE { ?uri <http://novelas-populares.org/tieneGenero> <http://novelas-populares.org/genero_ensayo> . ?uri a <http://novelas-populares.org/Autor> }","301"
"95","¿Qué novelas de autores nacidos en Italia se publicaron en Madrid?","¿Cuál es la <novela> cuya <ciudad de publicación> es <Madrid> y cuyo <autor> nació en <Italia>?","SELECT DISTINCT ?uri WHERE { ?uri <http://novelas-populares.org/publicadaEnCiudad> <http://novelas-populares.org/ciudad_madrid> . ?uri <http://novelas-populares.org/tieneAutor> ?a . ?a <http://novelas-populares.org/paisDeNacimiento> <http://novelas-populares.org/pais_italia> . ?uri a <http://novelas-populares.org/Novela> }","3"
"96","¿Qué idiomas del ejemplar tienen las novelas publicadas en Barcelona?","¿Cuál es el <idioma del ejemplar> de novelas cuya <ciudad de publicación> es <Barcelona>?","SELECT DISTINCT ?uri WHERE { ?x <http://novelas-populares.org/publicadaEnCiudad> <http://novelas-populares.org/ciudad_barcelona> . ?x <http://novelas-populares.org/tieneIdiomaEjemplar> ?uri }","6"
"97","¿Qué autores británicos cultivaron tanto la novela como el misterio?","¿Cuál es el <autor> cuyo <país de nacimiento> es <Gran Bretaña> y cuyo <género> es <novela> y también <misterio>?","SELECT DISTINCT ?uri WHERE { ?uri <http://novelas-populares.org/paisDeNacimiento> <http://novelas-populares.org/pais_gran_bretana> . ?uri <http://novelas-populares.org/tieneGenero> <http://novelas-populares.org/genero_novela> . ?uri <http://novelas-populares.org/tieneGenero> <http://novelas-populares.org/genero_misterio> . ?uri a <http://novelas-populares.org/Autor> }","308"
"98","¿Qué novelas tienen el mismo autor y el mismo idioma original?","¿Qué pares de <novelas> comparten <autor> e <idioma original>?","SELECT DISTINCT ?uri ?uri2 WHERE { ?uri <http://novelas-populares.org/tieneAutor> ?a . ?uri <http://novelas-populares.org/tieneIdiomaOriginal> ?io . ?uri2 <http://novelas-populares.org/tieneAutor> ?a . ?uri2 <http://novelas-populares.org/tieneIdiomaOriginal> ?io . ?uri a <http://novelas-populares.org/Novela> . FILTER(?uri != ?uri2) }","7"
"99","¿Qué autores cultivaron la historia?","¿Cuál es el <autor> cuyo <género> es <historia>?","SELECT DISTINCT ?uri WHERE { ?uri <http://novelas-populares.org/tieneGenero> <http://novelas-populares.org/genero_historia> . ?uri a <http://novelas-populares.org/Autor> }","301"
"100","¿Qué novelas de la Editorial B. Bauzá se publicaron en Barcelona?","¿Cuál es la <novela> cuya <editorial> es <Editorial B. Bauzá> y cuya <ciudad de publicación> es <Barcelona>?","SELECT DISTINCT ?uri WHERE { ?uri <http://novelas-populares.org/publicadaPor> <http://novelas-populares.org/editorial_editorial_b_bauza> . ?uri <http://novelas-populares.org/publicadaEnCiudad> <http://novelas-populares.org/ciudad_barcelona> . ?uri a <http://novelas-populares.org/Novela> }","308"
"101","¿Quién escribió Bruin ó Los cazadores de osos?","¿Cuál es el <autor> de <Bruin ó Los cazadores de osos>?","SELECT DISTINCT ?uri WHERE { <http://novelas-populares.org/novela_1679235648> <http://novelas-populares.org/tieneAutor> ?uri }","2"
"102","¿En qué ciudad nació Luigi Motta?","¿Cuál es el <lugar de nacimiento> de <Luigi Motta>?","SELECT DISTINCT ?uri WHERE { <http://novelas-populares.org/autor_luigi_motta> <http://novelas-populares.org/lugarDeNacimiento> ?uri }","2"
"103","¿Qué editorial publicó El hombre rojo?","¿Cuál es la <editorial> de <El hombre rojo>?","SELECT DISTINCT ?uri WHERE { <http://novelas-populares.org/novela_1834109426> <http://novelas-populares.org/publicadaPor> ?uri }","2"
"104","¿En qué idioma está el ejemplar de El bufón por sacrificio?","¿Cuál es el <idioma del ejemplar> de <El bufón por sacrificio>?","SELECT DISTINCT ?uri WHERE { <http://novelas-populares.org/novela_1859706819> <http://novelas-populares.org/tieneIdiomaEjemplar> ?uri }","2"
"105","¿En qué ciudad nació Edward Phillips Oppenheim?","¿Cuál es el <lugar de nacimiento> de <Edward Phillips Oppenheim>?","SELECT DISTINCT ?uri WHERE { <http://novelas-populares.org/autor_edward_phillips_oppenheim> <http://novelas-populares.org/lugarDeNacimiento> ?uri }","2"
"106","¿En qué ciudad se publicó Detectives y ladrones?","¿Cuál es la <ciudad de publicación> de <Detectives y ladrones>?","SELECT DISTINCT ?uri WHERE { <http://novelas-populares.org/novela_1814700358> <http://novelas-populares.org/publicadaEnCiudad> ?uri }","2"
"107","¿Quién fundó la editorial Felipe González Rojas?","¿Cuál es el <fundador> de <Felipe González Rojas editor>?","SELECT DISTINCT ?uri WHERE { <http://novelas-populares.org/editorial_felipe_gonzalez_rojas_editor> <http://novelas-populares.org/fundadaPor> ?uri }","2"
"108","¿Cuál es el idioma original de El lord de la máscara verde?","¿Cuál es el <idioma original> de <El lord de la máscara verde>?","SELECT DISTINCT ?uri WHERE { <http://novelas-populares.org/novela_1814753494> <http://novelas-populares.org/tieneIdiomaOriginal> ?uri }","2"
"109","¿En qué país nació Mayne Reid?","¿Cuál es el <país de nacimiento> de <Mayne Reid>?","SELECT DISTINCT ?uri WHERE { <http://novelas-populares.org/autor_mayne_reid> <http://novelas-populares.org/paisDeNacimiento> ?uri }","2"
"110","¿Quién escribió El crimen de Buif?","¿Cuál es el <autor> de <El crimen de Buif>?","SELECT DISTINCT ?uri WHERE { <http://novelas-populares.org/novela_1866199242> <http://novelas-populares.org/tieneAutor> ?uri }","2"
"111","¿Qué novelas escribió Mayne Reid?","¿Cuál es la <novela> cuyo <autor> es <Mayne Reid>?","SELECT DISTINCT ?uri WHERE { ?uri <http://novelas-populares.org/tieneAutor> <http://novelas-populares.org/autor_mayne_reid> . ?uri a <http://novelas-populares.org/Novela> }","301"
"112","¿En qué ciudad nació Georges Spitzmuller?","¿Cuál es el <lugar de nacimiento> de <Georges Spitzmuller>?","SELECT DISTINCT ?uri WHERE { <http://novelas-populares.org/autor_georges_spitzmuller> <http://novelas-populares.org/lugarDeNacimiento> ?uri }","2"
"113","¿Cuál es el idioma original de El corazón secuestrado?","¿Cuál es el <idioma original> de <El corazón secuestrado>?","SELECT DISTINCT ?uri WHERE { <http://novelas-populares.org/novela_1859707165> <http://novelas-populares.org/tieneIdiomaOriginal> ?uri }","2"
"114","¿En qué país nació Georges Spitzmuller?","¿Cuál es el <país de nacimiento> de <Georges Spitzmuller>?","SELECT DISTINCT ?uri WHERE { <http://novelas-populares.org/autor_georges_spitzmuller> <http://novelas-populares.org/paisDeNacimiento> ?uri }","2"
"115","¿Qué editorial publicó Corazones sin rumbo?","¿Cuál es la <editorial> de <Corazones sin rumbo>?","SELECT DISTINCT ?uri WHERE { <http://novelas-populares.org/novela_1859705251> <http://novelas-populares.org/publicadaPor> ?uri }","2"
"116","¿Qué novelas publicó la Editorial Charlot?","¿Cuál es la <novela> cuya <editorial> es <Editorial Charlot>?","SELECT DISTINCT ?uri WHERE { ?uri <http://novelas-populares.org/publicadaPor> <http://novelas-populares.org/editorial_editorial_charlot> . ?uri a <http://novelas-populares.org/Novela> }","301"
"117","¿En qué ciudad nació Pedro Mata?","¿Cuál es el <lugar de nacimiento> de <Pedro Mata>?","SELECT DISTINCT ?uri WHERE { <http://novelas-populares.org/autor_pedro_mata> <http://novelas-populares.org/lugarDeNacimiento> ?uri }","2"
"118","¿Quién fundó la editorial Imprenta de Mares y Compañía?","¿Cuál es el <fundador> de <Imprenta de Mares y Compañía>?","SELECT DISTINCT ?uri WHERE { <http://novelas-populares.org/editorial_imprenta_de_mares_y_compania> <http://novelas-populares.org/fundadaPor> ?uri }","2"
"119","¿En qué país nació Jules Mary?","¿Cuál es el <país de nacimiento> de <Jules Mary>?","SELECT DISTINCT ?uri WHERE { <http://novelas-populares.org/autor_jules_mary> <http://novelas-populares.org/paisDeNacimiento> ?uri }","2"
"120","¿En qué ciudad se publicó El único tigre?","¿Cuál es la <ciudad de publicación> de <El único tigre>?","SELECT DISTINCT ?uri WHERE { <http://novelas-populares.org/novela_1859705014> <http://novelas-populares.org/publicadaEnCiudad> ?uri }","2"
"121","¿Cuál es el idioma del ejemplar de El correo del presidente?","¿Cuál es el <idioma del ejemplar> de <El correo del presidente>?","SELECT DISTINCT ?uri WHERE { <http://novelas-populares.org/novela_1859706649> <http://novelas-populares.org/tieneIdiomaEjemplar> ?uri }","2"
"122","¿Qué novelas escribió Georges Spitzmuller?","¿Cuál es la <novela> cuyo <autor> es <Georges Spitzmuller>?","SELECT DISTINCT ?uri WHERE { ?uri <http://novelas-populares.org/tieneAutor> <http://novelas-populares.org/autor_georges_spitzmuller> . ?uri a <http://novelas-populares.org/Novela> }","301"
"123","¿Cuál es el país de nacimiento de Pedro Mata?","¿Cuál es el <país de nacimiento> de <Pedro Mata>?","SELECT DISTINCT ?uri WHERE { <http://novelas-populares.org/autor_pedro_mata> <http://novelas-populares.org/paisDeNacimiento> ?uri }","2"
"124","¿Qué novelas publicó la Editorial Horta?","¿Cuál es la <novela> cuya <editorial> es <Horta S.A.>?","SELECT DISTINCT ?uri WHERE { ?uri <http://novelas-populares.org/publicadaPor> <http://novelas-populares.org/editorial_horta_s_a> . ?uri a <http://novelas-populares.org/Novela> }","301"
"125","¿En qué ciudad nació Jules Mary?","¿Cuál es el <lugar de nacimiento> de <Jules Mary>?","SELECT DISTINCT ?uri WHERE { <http://novelas-populares.org/autor_jules_mary> <http://novelas-populares.org/lugarDeNacimiento> ?uri }","2"
"126","¿Quién fundó la editorial Imprenta de Ignacio Estivill?","¿Cuál es el <fundador> de <Imprenta de Ignacio Estivill>?","SELECT DISTINCT ?uri WHERE { <http://novelas-populares.org/editorial_imprenta_de_ignacio_estivill> <http://novelas-populares.org/fundadaPor> ?uri }","2"
"127","¿En qué ciudad nació Manuel Aguilar Muñoz?","¿Cuál es el <lugar de nacimiento> de <Manuel Aguilar Muñoz>?","SELECT DISTINCT ?uri WHERE { <http://novelas-populares.org/editor_manuel_aguilar_munoz> <http://novelas-populares.org/lugarDeNacimiento> ?uri }","2"
"128","¿En qué país nació O. Henry?","¿Cuál es el <país de nacimiento> de <O. Henry>?","SELECT DISTINCT ?uri WHERE { <http://novelas-populares.org/autor_o_henry_seudonimo_de_william_sidney_porter> <http://novelas-populares.org/paisDeNacimiento> ?uri }","2"
"129","¿En qué ciudad nació O. Henry?","¿Cuál es el <lugar de nacimiento> de <O. Henry>?","SELECT DISTINCT ?uri WHERE { <http://novelas-populares.org/autor_o_henry_seudonimo_de_william_sidney_porter> <http://novelas-populares.org/lugarDeNacimiento> ?uri }","2"
"130","¿Cuál es el idioma del ejemplar de La mano sangrienta?","¿Cuál es el <idioma del ejemplar> de <La mano sangrienta>?","SELECT DISTINCT ?uri WHERE { <http://novelas-populares.org/novela_1814752978> <http://novelas-populares.org/tieneIdiomaEjemplar> ?uri }","2"
"131","¿Qué novelas escribió Luis de Val?","¿Cuál es la <novela> cuyo <autor> es <Luis de Val>?","SELECT DISTINCT ?uri WHERE { ?uri <http://novelas-populares.org/tieneAutor> <http://novelas-populares.org/autor_luis_de_val> . ?uri a <http://novelas-populares.org/Novela> }","301"
"132","¿En qué ciudad nació Valentín R. González?","¿Cuál es el <lugar de nacimiento> de <Valentín R. González>?","SELECT DISTINCT ?uri WHERE { <http://novelas-populares.org/autor_valentin_r_gonzalez> <http://novelas-populares.org/lugarDeNacimiento> ?uri }","2"
"133","¿Cuál es el idioma original de Los raptores de joyas?","¿Cuál es el <idioma original> de <Los raptores de joyas>?","SELECT DISTINCT ?uri WHERE { <http://novelas-populares.org/novela_1859706568> <http://novelas-populares.org/tieneIdiomaOriginal> ?uri }","2"
"134","¿En qué país nació Valentín R. González?","¿Cuál es el <país de nacimiento> de <Valentín R. González>?","SELECT DISTINCT ?uri WHERE { <http://novelas-populares.org/autor_valentin_r_gonzalez> <http://novelas-populares.org/paisDeNacimiento> ?uri }","2"
"135","¿Qué editorial publicó El hijo legal?","¿Cuál es la <editorial> de <El hijo legal>?","SELECT DISTINCT ?uri WHERE { <http://novelas-populares.org/novela_1859632734> <http://novelas-populares.org/publicadaPor> ?uri }","2"
"136","¿Qué novelas publicó la Editorial Delta?","¿Cuál es la <novela> cuya <editorial> es <Editorial Delta>?","SELECT DISTINCT ?uri WHERE { ?uri <http://novelas-populares.org/publicadaPor> <http://novelas-populares.org/editorial_editorial_delta> . ?uri a <http://novelas-populares.org/Novela> }","301"
"137","¿En qué ciudad nació Nicolás María de Urgoiti?","¿Cuál es el <lugar de nacimiento> de <Nicolás María de Urgoiti>?","SELECT DISTINCT ?uri WHERE { <http://novelas-populares.org/editor_nicolas_maria_de_urgoiti> <http://novelas-populares.org/lugarDeNacimiento> ?uri }","2"
"138","¿Quién fundó la Imprenta de Llorens?","¿Cuál es el <fundador> de <Imprenta de Llorens>?","SELECT DISTINCT ?uri WHERE { <http://novelas-populares.org/editorial_imprenta_de_llorens> <http://novelas-populares.org/fundadaPor> ?uri }","2"
"139","¿En qué país nació Edward Phillips Oppenheim?","¿Cuál es el <país de nacimiento> de <Edward Phillips Oppenheim>?","SELECT DISTINCT ?uri WHERE { <http://novelas-populares.org/autor_edward_phillips_oppenheim> <http://novelas-populares.org/paisDeNacimiento> ?uri }","2"
"140","¿En qué ciudad se publicó Chamberí?","¿Cuál es la <ciudad de publicación> de <Chamberí>?","SELECT DISTINCT ?uri WHERE { <http://novelas-populares.org/novela_1871252342> <http://novelas-populares.org/publicadaEnCiudad> ?uri }","2"
"141","¿Qué novelas publicó la Editorial Charlot en Barcelona con idioma original castellano?","¿Cuál es la <novela> cuya <editorial> es <Editorial Charlot>, cuyo <idioma original> es <Castellano> y cuya <ciudad de publicación> es <Barcelona>?","SELECT DISTINCT ?uri WHERE { ?uri <http://novelas-populares.org/publicadaPor> <http://novelas-populares.org/editorial_editorial_charlot> . ?uri <http://novelas-populares.org/tieneIdiomaOriginal> <http://novelas-populares.org/idioma_castellano> . ?uri <http://novelas-populares.org/publicadaEnCiudad> <http://novelas-populares.org/ciudad_barcelona> . ?uri a <http://novelas-populares.org/Novela> }","308"
"142","¿Qué novelas de la Editorial Calleja tienen idioma original francés y se publicaron en Madrid?","¿Cuál es la <novela> cuya <editorial> es <Editorial Calleja>, cuyo <idioma original> es <Francés> y cuya <ciudad de publicación> es <Madrid>?","SELECT DISTINCT ?uri WHERE { ?uri <http://novelas-populares.org/publicadaPor> <http://novelas-populares.org/editorial_editorial_calleja> . ?uri <http://novelas-populares.org/tieneIdiomaOriginal> <http://novelas-populares.org/idioma_frances> . ?uri <http://novelas-populares.org/publicadaEnCiudad> <http://novelas-populares.org/ciudad_madrid> . ?uri a <http://novelas-populares.org/Novela> }","308"
"143","¿Qué autores nacidos en España cultivaron la novela y el periodismo?","¿Cuál es el <autor> cuyo <país de nacimiento> es <España> y cuyo <género> es <novela> y también <periodismo>?","SELECT DISTINCT ?uri WHERE { ?uri <http://novelas-populares.org/paisDeNacimiento> <http://novelas-populares.org/pais_espana> . ?uri <http://novelas-populares.org/tieneGenero> <http://novelas-populares.org/genero_novela> . ?uri <http://novelas-populares.org/tieneGenero> <http://novelas-populares.org/genero_periodismo> . ?uri a <http://novelas-populares.org/Autor> }","308"
"144","¿Qué novelas publicó la Compañía Anónima Calpe en Madrid?","¿Cuál es la <novela> cuya <editorial> es <Compañía Anónima Calpe> y cuya <ciudad de publicación> es <Madrid>?","SELECT DISTINCT ?uri WHERE { ?uri <http://novelas-populares.org/publicadaPor> <http://novelas-populares.org/editorial_compania_anonima_calpe> . ?uri <http://novelas-populares.org/publicadaEnCiudad> <http://novelas-populares.org/ciudad_madrid> . ?uri a <http://novelas-populares.org/Novela> }","308"
"145","¿Qué autores nacidos en Francia cultivaron la dramaturgia?","¿Cuál es el <autor> cuyo <país de nacimiento> es <Francia> y cuyo <género> es <dramaturgia>?","SELECT DISTINCT ?uri WHERE { ?uri <http://novelas-populares.org/paisDeNacimiento> <http://novelas-populares.org/pais_francia> . ?uri <http://novelas-populares.org/tieneGenero> <http://novelas-populares.org/genero_dramaturgia> . ?uri a <http://novelas-populares.org/Autor> }","308"
"146","¿Qué novelas son traducciones del francés al castellano publicadas en Madrid?","¿Cuál es la <novela> cuyo <idioma original> es <Francés>, cuyo <idioma del ejemplar> es <Castellano> y cuya <ciudad de publicación> es <Madrid>?","SELECT DISTINCT ?uri WHERE { ?uri <http://novelas-populares.org/tieneIdiomaOriginal> <http://novelas-populares.org/idioma_frances> . ?uri <http://novelas-populares.org/tieneIdiomaEjemplar> <http://novelas-populares.org/idioma_castellano> . ?uri <http://novelas-populares.org/publicadaEnCiudad> <http://novelas-populares.org/ciudad_madrid> . ?uri a <http://novelas-populares.org/Novela> }","308"
"147","¿Qué novelas comparten autor con El proceso Lerouge?","¿Cuál es la <novela> cuyo <autor> es el mismo que el de <El proceso Lerouge>?","SELECT DISTINCT ?uri WHERE { <http://novelas-populares.org/novela_1859638538> <http://novelas-populares.org/tieneAutor> ?a . ?uri <http://novelas-populares.org/tieneAutor> ?a . FILTER(?uri != <http://novelas-populares.org/novela_1859638538>) . ?uri a <http://novelas-populares.org/Novela> }","3"
"148","¿Qué novelas comparten autor con El hombre rojo?","¿Cuál es la <novela> cuyo <autor> es el mismo que el de <El hombre rojo>?","SELECT DISTINCT ?uri WHERE { <http://novelas-populares.org/novela_1834109426> <http://novelas-populares.org/tieneAutor> ?a . ?uri <http://novelas-populares.org/tieneAutor> ?a . FILTER(?uri != <http://novelas-populares.org/novela_1834109426>) . ?uri a <http://novelas-populares.org/Novela> }","3"
"149","¿Cuál es la editorial y la ciudad de publicación de Detectives y ladrones?","¿Cuáles son la <editorial> y la <ciudad de publicación> de <Detectives y ladrones>?","SELECT DISTINCT ?editorial ?ciudad WHERE { <http://novelas-populares.org/novela_1814700358> <http://novelas-populares.org/publicadaPor> ?editorial . <http://novelas-populares.org/novela_1814700358> <http://novelas-populares.org/publicadaEnCiudad> ?ciudad }","9"
"150","¿Qué autores escribieron novelas de idioma original inglés publicadas en Barcelona?","¿Cuál es el <autor> de novelas cuyo <idioma original> es <Inglés> y cuya <ciudad de publicación> es <Barcelona>?","SELECT DISTINCT ?uri WHERE { ?x <http://novelas-populares.org/tieneIdiomaOriginal> <http://novelas-populares.org/idioma_ingles> . ?x <http://novelas-populares.org/publicadaEnCiudad> <http://novelas-populares.org/ciudad_barcelona> . ?x <http://novelas-populares.org/tieneAutor> ?uri . ?uri a <http://novelas-populares.org/Autor> }","5"
"151","¿Qué autores de novelas con idioma original italiano cultivaron la ciencia ficción?","¿Cuál es el <autor> de novelas cuyo <idioma original> es <Italiano> y cuyo <género> es <ciencia ficción>?","SELECT DISTINCT ?uri WHERE { ?x <http://novelas-populares.org/tieneIdiomaOriginal> <http://novelas-populares.org/idioma_italiano> . ?x <http://novelas-populares.org/tieneAutor> ?uri . ?uri <http://novelas-populares.org/tieneGenero> <http://novelas-populares.org/genero_ciencia_ficcion> }","3"
"152","¿Qué novelas publicadas en Reus son originales en catalán?","¿Cuál es la <novela> cuya <ciudad de publicación> es <Reus> y cuyo <idioma original> es <Catalán>?","SELECT DISTINCT ?uri WHERE { ?uri <http://novelas-populares.org/publicadaEnCiudad> <http://novelas-populares.org/ciudad_reus> . ?uri <http://novelas-populares.org/tieneIdiomaOriginal> <http://novelas-populares.org/idioma_catalan> . ?uri a <http://novelas-populares.org/Novela> }","308"
"153","¿Qué editoriales publicaron novelas de Gaston Leroux?","¿Cuál es la <editorial> de novelas cuyo <autor> es <Gaston Leroux>?","SELECT DISTINCT ?uri WHERE { ?x <http://novelas-populares.org/tieneAutor> <http://novelas-populares.org/autor_gaston_leroux> . ?x <http://novelas-populares.org/publicadaPor> ?uri . ?uri a <http://novelas-populares.org/Editorial> }","6"
"154","¿Qué ciudades de publicación tienen las novelas de Mayne Reid?","¿Cuál es la <ciudad de publicación> de novelas cuyo <autor> es <Mayne Reid>?","SELECT DISTINCT ?uri WHERE { ?x <http://novelas-populares.org/tieneAutor> <http://novelas-populares.org/autor_mayne_reid> . ?x <http://novelas-populares.org/publicadaEnCiudad> ?uri }","6"
"155","¿Cuál es el fundador y la ciudad de publicación de novelas de la Editorial Aguilar?","¿Cuál es el <fundador> de <Aguilar> y la <ciudad de publicación> de sus novelas?","SELECT DISTINCT ?fundador ?ciudad WHERE { <http://novelas-populares.org/editorial_aguilar> <http://novelas-populares.org/fundadaPor> ?fundador . ?x <http://novelas-populares.org/publicadaPor> <http://novelas-populares.org/editorial_aguilar> . ?x <http://novelas-populares.org/publicadaEnCiudad> ?ciudad }","9"
"156","¿Qué géneros del autor de Detectives y ladrones hay registrados?","¿Cuál es el <género> del <autor> de <Detectives y ladrones>?","SELECT DISTINCT ?uri WHERE { <http://novelas-populares.org/novela_1814700358> <http://novelas-populares.org/tieneAutor> ?a . ?a <http://novelas-populares.org/tieneGenero> ?uri }","3"
"157","¿Qué editoriales publicaron novelas tanto de Jules Mary como de Georges Spitzmuller?","¿Cuál es la <editorial> que publicó novelas de <Jules Mary> y también de <Georges Spitzmuller>?","SELECT DISTINCT ?uri WHERE { ?x <http://novelas-populares.org/tieneAutor> <http://novelas-populares.org/autor_jules_mary> . ?x <http://novelas-populares.org/publicadaPor> ?uri . ?y <http://novelas-populares.org/tieneAutor> <http://novelas-populares.org/autor_georges_spitzmuller> . ?y <http://novelas-populares.org/publicadaPor> ?uri . ?uri a <http://novelas-populares.org/Editorial> }","15"
"158","¿Qué idiomas originales tienen las novelas de la Editorial Delta?","¿Cuál es el <idioma original> de novelas cuya <editorial> es <Editorial Delta>?","SELECT DISTINCT ?uri WHERE { ?x <http://novelas-populares.org/publicadaPor> <http://novelas-populares.org/editorial_editorial_delta> . ?x <http://novelas-populares.org/tieneIdiomaOriginal> ?uri }","6"
"159","¿Qué novelas de la Editorial Trilla y Serra son originales en inglés?","¿Cuál es la <novela> cuya <editorial> es <Trilla y Serra Editores> y cuyo <idioma original> es <Inglés>?","SELECT DISTINCT ?uri WHERE { ?uri <http://novelas-populares.org/publicadaPor> <http://novelas-populares.org/editorial_trilla_y_serra_editores> . ?uri <http://novelas-populares.org/tieneIdiomaOriginal> <http://novelas-populares.org/idioma_ingles> . ?uri a <http://novelas-populares.org/Novela> }","308"
"160","¿Qué autores españoles cultivaron tanto la novela como la poesía?","¿Cuál es el <autor> cuyo <país de nacimiento> es <España> y cuyo <género> es <novela> y también <poesía>?","SELECT DISTINCT ?uri WHERE { ?uri <http://novelas-populares.org/paisDeNacimiento> <http://novelas-populares.org/pais_espana> . ?uri <http://novelas-populares.org/tieneGenero> <http://novelas-populares.org/genero_novela> . ?uri <http://novelas-populares.org/tieneGenero> <http://novelas-populares.org/genero_poesia> . ?uri a <http://novelas-populares.org/Autor> }","308"
"161","¿Qué novelas publicadas en Reus tienen idioma original castellano?","¿Cuál es la <novela> cuya <ciudad de publicación> es <Reus> y cuyo <idioma original> es <Castellano>?","SELECT DISTINCT ?uri WHERE { ?uri <http://novelas-populares.org/publicadaEnCiudad> <http://novelas-populares.org/ciudad_reus> . ?uri <http://novelas-populares.org/tieneIdiomaOriginal> <http://novelas-populares.org/idioma_castellano> . ?uri a <http://novelas-populares.org/Novela> }","308"
"162","¿Qué novelas comparten tanto autor como editorial con El capitán la Garde de Jarzac?","¿Cuál es la <novela> cuyo <autor> y <editorial> son los mismos que los de <El capitán la Garde de Jarzac>?","SELECT DISTINCT ?uri WHERE { <http://novelas-populares.org/novela_1859706134> <http://novelas-populares.org/tieneAutor> ?a . <http://novelas-populares.org/novela_1859706134> <http://novelas-populares.org/publicadaPor> ?e . ?uri <http://novelas-populares.org/tieneAutor> ?a . ?uri <http://novelas-populares.org/publicadaPor> ?e . FILTER(?uri != <http://novelas-populares.org/novela_1859706134>) }","16"
"163","¿Qué autores españoles cultivaron tanto la novela como el guion?","¿Cuál es el <autor> cuyo <país de nacimiento> es <España> y cuyo <género> es <novela> y también <guion>?","SELECT DISTINCT ?uri WHERE { ?uri <http://novelas-populares.org/paisDeNacimiento> <http://novelas-populares.org/pais_espana> . ?uri <http://novelas-populares.org/tieneGenero> <http://novelas-populares.org/genero_novela> . ?uri <http://novelas-populares.org/tieneGenero> <http://novelas-populares.org/genero_guion> . ?uri a <http://novelas-populares.org/Autor> }","308"
"164","¿Qué novelas de la Editorial B. Bauzá son originales en francés?","¿Cuál es la <novela> cuya <editorial> es <Editorial B. Bauzá> y cuyo <idioma original> es <Francés>?","SELECT DISTINCT ?uri WHERE { ?uri <http://novelas-populares.org/publicadaPor> <http://novelas-populares.org/editorial_editorial_b_bauza> . ?uri <http://novelas-populares.org/tieneIdiomaOriginal> <http://novelas-populares.org/idioma_frances> . ?uri a <http://novelas-populares.org/Novela> }","308"
"165","¿Qué idiomas originales tienen las novelas de la Editorial Aguilar?","¿Cuál es el <idioma original> de novelas cuya <editorial> es <Aguilar>?","SELECT DISTINCT ?uri WHERE { ?x <http://novelas-populares.org/publicadaPor> <http://novelas-populares.org/editorial_aguilar> . ?x <http://novelas-populares.org/tieneIdiomaOriginal> ?uri }","6"
"166","¿Qué novelas de autores nacidos en Estados Unidos se publicaron en Madrid?","¿Cuál es la <novela> cuya <ciudad de publicación> es <Madrid> y cuyo <autor> nació en <Estados Unidos>?","SELECT DISTINCT ?uri WHERE { ?uri <http://novelas-populares.org/publicadaEnCiudad> <http://novelas-populares.org/ciudad_madrid> . ?uri <http://novelas-populares.org/tieneAutor> ?a . ?a <http://novelas-populares.org/paisDeNacimiento> <http://novelas-populares.org/pais_estados_unidos> . ?uri a <http://novelas-populares.org/Novela> }","3"
"167","¿Qué autores nacidos en Francia cultivaron la novela y el periodismo?","¿Cuál es el <autor> cuyo <país de nacimiento> es <Francia> y cuyo <género> es <novela> y también <periodismo>?","SELECT DISTINCT ?uri WHERE { ?uri <http://novelas-populares.org/paisDeNacimiento> <http://novelas-populares.org/pais_francia> . ?uri <http://novelas-populares.org/tieneGenero> <http://novelas-populares.org/genero_novela> . ?uri <http://novelas-populares.org/tieneGenero> <http://novelas-populares.org/genero_periodismo> . ?uri a <http://novelas-populares.org/Autor> }","308"
"168","¿Qué editoriales publicaron novelas de autores nacidos en Estados Unidos?","¿Cuál es la <editorial> de novelas cuyo <autor> nació en <Estados Unidos>?","SELECT DISTINCT ?uri WHERE { ?x <http://novelas-populares.org/tieneAutor> ?a . ?a <http://novelas-populares.org/paisDeNacimiento> <http://novelas-populares.org/pais_estados_unidos> . ?x <http://novelas-populares.org/publicadaPor> ?uri . ?uri a <http://novelas-populares.org/Editorial> }","6"
"169","¿Qué ciudades de publicación tienen las novelas de Luigi Motta?","¿Cuál es la <ciudad de publicación> de novelas cuyo <autor> es <Luigi Motta>?","SELECT DISTINCT ?uri WHERE { ?x <http://novelas-populares.org/tieneAutor> <http://novelas-populares.org/autor_luigi_motta> . ?x <http://novelas-populares.org/publicadaEnCiudad> ?uri }","6"
"170","¿Qué novelas comparten tanto autor como editorial con Bruin ó Los cazadores de osos?","¿Cuál es la <novela> cuyo <autor> y <editorial> son los mismos que los de <Bruin ó Los cazadores de osos>?","SELECT DISTINCT ?uri WHERE { <http://novelas-populares.org/novela_1679235648> <http://novelas-populares.org/tieneAutor> ?a . <http://novelas-populares.org/novela_1679235648> <http://novelas-populares.org/publicadaPor> ?e . ?uri <http://novelas-populares.org/tieneAutor> ?a . ?uri <http://novelas-populares.org/publicadaPor> ?e . FILTER(?uri != <http://novelas-populares.org/novela_1679235648>) }","16"
"171","¿Cuántas novelas publicó la Editorial Trilla y Serra?","¿Cuántas <novelas> tienen <editorial> <Trilla y Serra Editores>?","SELECT (COUNT(DISTINCT ?uri) AS ?count) WHERE { ?uri <http://novelas-populares.org/publicadaPor> <http://novelas-populares.org/editorial_trilla_y_serra_editores> . ?uri a <http://novelas-populares.org/Novela> }","401"
"172","¿Cuántos autores de la colección nacieron en Estados Unidos?","¿Cuántos <autores> tienen <país de nacimiento> <Estados Unidos>?","SELECT (COUNT(DISTINCT ?uri) AS ?count) WHERE { ?uri <http://novelas-populares.org/paisDeNacimiento> <http://novelas-populares.org/pais_estados_unidos> . ?uri a <http://novelas-populares.org/Autor> }","401"
"173","¿Cuántas novelas escribió Luigi Motta en la colección?","¿Cuántas <novelas> tienen a <Luigi Motta> como <autor>?","SELECT (COUNT(DISTINCT ?uri) AS ?count) WHERE { ?uri <http://novelas-populares.org/tieneAutor> <http://novelas-populares.org/autor_luigi_motta> . ?uri a <http://novelas-populares.org/Novela> }","401"
"174","¿Cuántos géneros literarios cultivó Pedro Mata?","¿Cuántos <géneros> tiene <Pedro Mata>?","SELECT (COUNT(DISTINCT ?uri) AS ?count) WHERE { <http://novelas-populares.org/autor_pedro_mata> <http://novelas-populares.org/tieneGenero> ?uri }","102"
"175","¿Cuántas novelas de la colección se publicaron en Reus?","¿Cuántas <novelas> tienen <ciudad de publicación> <Reus>?","SELECT (COUNT(DISTINCT ?uri) AS ?count) WHERE { ?uri <http://novelas-populares.org/publicadaEnCiudad> <http://novelas-populares.org/ciudad_reus> . ?uri a <http://novelas-populares.org/Novela> }","401"
"176","¿Cuántas novelas publicó la Editorial Aguilar?","¿Cuántas <novelas> tienen <editorial> <Aguilar>?","SELECT (COUNT(DISTINCT ?uri) AS ?count) WHERE { ?uri <http://novelas-populares.org/publicadaPor> <http://novelas-populares.org/editorial_aguilar> . ?uri a <http://novelas-populares.org/Novela> }","401"
"177","¿Cuántas novelas escribió Mayne Reid en la colección?","¿Cuántas <novelas> tienen a <Mayne Reid> como <autor>?","SELECT (COUNT(DISTINCT ?uri) AS ?count) WHERE { ?uri <http://novelas-populares.org/tieneAutor> <http://novelas-populares.org/autor_mayne_reid> . ?uri a <http://novelas-populares.org/Novela> }","401"
"178","¿Cuántas novelas de autores nacidos en Francia se publicaron en Madrid?","¿Cuántas <novelas> tienen <ciudad de publicación> <Madrid> y cuyo <autor> nació en <Francia>?","SELECT (COUNT(DISTINCT ?uri) AS ?count) WHERE { ?uri <http://novelas-populares.org/publicadaEnCiudad> <http://novelas-populares.org/ciudad_madrid> . ?uri <http://novelas-populares.org/tieneAutor> ?a . ?a <http://novelas-populares.org/paisDeNacimiento> <http://novelas-populares.org/pais_francia> . ?uri a <http://novelas-populares.org/Novela> }","401"
"179","¿Cuántas novelas de la colección tienen idioma del ejemplar en castellano?","¿Cuántas <novelas> tienen <idioma del ejemplar> <Castellano>?","SELECT (COUNT(DISTINCT ?uri) AS ?count) WHERE { ?uri <http://novelas-populares.org/tieneIdiomaEjemplar> <http://novelas-populares.org/idioma_castellano> . ?uri a <http://novelas-populares.org/Novela> }","401"
"180","¿Cuántas editoriales publicaron novelas de autores nacidos en Gran Bretaña?","¿Cuántas <editoriales> publicaron novelas cuyo <autor> nació en <Gran Bretaña>?","SELECT (COUNT(DISTINCT ?uri) AS ?count) WHERE { ?x <http://novelas-populares.org/tieneAutor> ?a . ?a <http://novelas-populares.org/paisDeNacimiento> <http://novelas-populares.org/pais_gran_bretana> . ?x <http://novelas-populares.org/publicadaPor> ?uri . ?uri a <http://novelas-populares.org/Editorial> }","106"
"181","¿Cuántas novelas de la colección son originales en catalán?","¿Cuántas <novelas> tienen <idioma original> <Catalán>?","SELECT (COUNT(DISTINCT ?uri) AS ?count) WHERE { ?uri <http://novelas-populares.org/tieneIdiomaOriginal> <http://novelas-populares.org/idioma_catalan> . ?uri a <http://novelas-populares.org/Novela> }","401"
"182","¿Cuántos autores con novelas publicadas en Madrid nacieron en Gran Bretaña?","¿Cuántos <autores> de novelas con <ciudad de publicación> <Madrid> tienen <país de nacimiento> <Gran Bretaña>?","SELECT (COUNT(DISTINCT ?uri) AS ?count) WHERE { ?x <http://novelas-populares.org/publicadaEnCiudad> <http://novelas-populares.org/ciudad_madrid> . ?x <http://novelas-populares.org/tieneAutor> ?uri . ?uri <http://novelas-populares.org/paisDeNacimiento> <http://novelas-populares.org/pais_gran_bretana> . ?uri a <http://novelas-populares.org/Autor> }","106"
"183","¿Cuántas novelas de idioma original inglés publicó la Editorial Sopena?","¿Cuántas <novelas> tienen <editorial> <Editorial Sopena> y <idioma original> <Inglés>?","SELECT (COUNT(DISTINCT ?uri) AS ?count) WHERE { ?uri <http://novelas-populares.org/publicadaPor> <http://novelas-populares.org/editorial_editorial_sopena> . ?uri <http://novelas-populares.org/tieneIdiomaOriginal> <http://novelas-populares.org/idioma_ingles> . ?uri a <http://novelas-populares.org/Novela> }","108"
"184","¿Cuántas novelas publicó la Editorial Charlot?","¿Cuántas <novelas> tienen <editorial> <Editorial Charlot>?","SELECT (COUNT(DISTINCT ?uri) AS ?count) WHERE { ?uri <http://novelas-populares.org/publicadaPor> <http://novelas-populares.org/editorial_editorial_charlot> . ?uri a <http://novelas-populares.org/Novela> }","401"
"185","¿Cuántas novelas de la colección se publicaron en Elche?","¿Cuántas <novelas> tienen <ciudad de publicación> <Elche>?","SELECT (COUNT(DISTINCT ?uri) AS ?count) WHERE { ?uri <http://novelas-populares.org/publicadaEnCiudad> <http://novelas-populares.org/ciudad_elche> . ?uri a <http://novelas-populares.org/Novela> }","401"
"186","¿Es El hombre rojo una traducción?","¿Tiene <El hombre rojo> la propiedad <es traducción> con valor <true>?","ASK WHERE { <http://novelas-populares.org/novela_1834109426> <http://novelas-populares.org/esTraduccion> 'true'^^<http://www.w3.org/2001/XMLSchema#boolean> }","151"
"187","¿Publicó la Editorial Aguilar alguna novela en Madrid?","¿Existe alguna <novela> cuya <editorial> es <Aguilar> y cuya <ciudad de publicación> es <Madrid>?","ASK WHERE { ?uri <http://novelas-populares.org/publicadaPor> <http://novelas-populares.org/editorial_aguilar> . ?uri <http://novelas-populares.org/publicadaEnCiudad> <http://novelas-populares.org/ciudad_madrid> }","152"
"188","¿Nació Luigi Motta en Bussolengo?","¿Tiene <Luigi Motta> <lugar de nacimiento> <Bussolengo>?","ASK WHERE { <http://novelas-populares.org/autor_luigi_motta> <http://novelas-populares.org/lugarDeNacimiento> <http://novelas-populares.org/ciudad_bussolengo> }","151"
"189","¿Publicó la Editorial Trilla y Serra alguna novela de idioma original inglés?","¿Existe alguna <novela> cuya <editorial> es <Trilla y Serra Editores> y cuyo <idioma original> es <Inglés>?","ASK WHERE { ?uri <http://novelas-populares.org/publicadaPor> <http://novelas-populares.org/editorial_trilla_y_serra_editores> . ?uri <http://novelas-populares.org/tieneIdiomaOriginal> <http://novelas-populares.org/idioma_ingles> }","152"
"190","¿Tiene la colección alguna novela publicada en Reus con idioma original catalán?","¿Existe alguna <novela> cuya <ciudad de publicación> es <Reus> y cuyo <idioma original> es <Catalán>?","ASK WHERE { ?uri <http://novelas-populares.org/tieneIdiomaOriginal> <http://novelas-populares.org/idioma_catalan> . ?uri <http://novelas-populares.org/publicadaEnCiudad> <http://novelas-populares.org/ciudad_reus> . ?uri a <http://novelas-populares.org/Novela> }","152"
"191","¿Fundó Josep Zendrera la editorial El Abanico?","¿Tiene <El Abanico> <fundador> <Josep Zendrera Fecha>?","ASK WHERE { <http://novelas-populares.org/editorial_el_abanico> <http://novelas-populares.org/fundadaPor> <http://novelas-populares.org/editor_josep_zendrera_fecha> }","151"
"192","¿Hay en la colección novelas de autores nacidos en Bolivia?","¿Existe alguna <novela> cuyo <autor> tiene <país de nacimiento> <Bolivia>?","ASK WHERE { ?uri <http://novelas-populares.org/tieneAutor> ?a . ?a <http://novelas-populares.org/paisDeNacimiento> <http://novelas-populares.org/pais_bolivia> . ?uri a <http://novelas-populares.org/Novela> }","152"
"193","¿Cultivó Mayne Reid la novela infantil?","¿Tiene <Mayne Reid> <género> <novela infantil>?","ASK WHERE { <http://novelas-populares.org/autor_mayne_reid> <http://novelas-populares.org/tieneGenero> <http://novelas-populares.org/genero_novela_infantil> }","151"
"194","¿Existe alguna novela de idioma original inglés publicada en Reus?","¿Existe alguna <novela> cuyo <idioma original> es <Inglés> y cuya <ciudad de publicación> es <Reus>?","ASK WHERE { ?uri <http://novelas-populares.org/tieneIdiomaOriginal> <http://novelas-populares.org/idioma_ingles> . ?uri <http://novelas-populares.org/publicadaEnCiudad> <http://novelas-populares.org/ciudad_reus> }","152"
"195","¿Fundó Nicolás María de Urgoiti la Compañía Anónima Calpe?","¿Tiene <Compañía Anónima Calpe> <fundador> <Nicolás María de Urgoiti>?","ASK WHERE { <http://novelas-populares.org/editorial_compania_anonima_calpe> <http://novelas-populares.org/fundadaPor> <http://novelas-populares.org/editor_nicolas_maria_de_urgoiti> }","151"
"196","¿Nació Valentín R. González en Malcocinado?","¿Tiene <Valentín R. González> <lugar de nacimiento> <Malcocinado>?","ASK WHERE { <http://novelas-populares.org/autor_valentin_r_gonzalez> <http://novelas-populares.org/lugarDeNacimiento> <http://novelas-populares.org/ciudad_malcocinado> }","151"
"197","¿Publicó la Editorial Delta alguna novela de idioma original alemán?","¿Existe alguna <novela> cuya <editorial> es <Editorial Delta> y cuyo <idioma original> es <Alemán>?","ASK WHERE { ?uri <http://novelas-populares.org/publicadaPor> <http://novelas-populares.org/editorial_editorial_delta> . ?uri <http://novelas-populares.org/tieneIdiomaOriginal> <http://novelas-populares.org/idioma_aleman> }","152"
"198","¿Cultivó Edward Phillips Oppenheim el género de misterio?","¿Tiene <Edward Phillips Oppenheim> <género> <misterio>?","ASK WHERE { <http://novelas-populares.org/autor_edward_phillips_oppenheim> <http://novelas-populares.org/tieneGenero> <http://novelas-populares.org/genero_misterio> }","151"
"199","¿Publicó la Editorial Horta alguna novela de autores españoles?","¿Existe alguna <novela> cuya <editorial> es <Horta S.A.> y cuyo <autor> nació en <España>?","ASK WHERE { ?uri <http://novelas-populares.org/publicadaPor> <http://novelas-populares.org/editorial_horta_s_a> . ?uri <http://novelas-populares.org/tieneAutor> ?a . ?a <http://novelas-populares.org/paisDeNacimiento> <http://novelas-populares.org/pais_espana> }","152"
"200","¿Es Corazones sin rumbo una traducción?","¿Tiene <Corazones sin rumbo> la propiedad <es traducción> con valor <true>?","ASK WHERE { <http://novelas-populares.org/novela_1859705251> <http://novelas-populares.org/esTraduccion> 'true'^^<http://www.w3.org/2001/XMLSchema#boolean> }","151"
